name,type
Yvette Koelpin-Stanton DDS,NOVEL
Josh Cruickshank,NOVEL
Terence Littel,REGULAR
Jenna Gerlach,NOVEL
Robin Aufderhar,NOVEL
Fernando Streich,NOVEL
Joyce Russel,FICTION
Terrance Bogisich,REGULAR
Blanche Waelchi,REGULAR
Mr. Virgil Rohan IV,NOVEL
Maurice Renner,NOVEL
Rachel Johns,FICTION
Marion Stark,REGULAR
Robin Aufderhar,NOVEL
Terrell Harvey,NOVEL
Robin Aufderhar,REGULAR
Rene Waters,NOVEL
Erin Cole,FICTION
Blanche Waelchi,REGULAR
Orville Stiedemann,NOVEL
Randy Macejkovic,REGULAR
Marta Terry,NOVEL
Maureen White,NOVEL
Maureen White,REGULAR
Earl Carroll,NOVEL
Dr. Jimmie Rau,REGULAR
Rene Waters,NOVEL
Fernando Streich,REGULAR
Rene Waters,FICTION
Terrell Harvey,NOVEL
Fernando Streich,NOVEL
Mitchell Strosin,FICTION
Mabel D'Amore DDS,NOVEL
Jenna Gerlach,FICTION
Erin Cole,FICTION
Josh Cruickshank,REGULAR
Dr. Kristi Morissette,FICTION
Marie Schiller,NOVEL
Mitchell Strosin,REGULAR
Maureen White,FICTION
Kari Oberbrunner,FICTION
Eduardo White,REGULAR
Miss Olive Conn,REGULAR
Donald Satterfield,NOVEL
Robyn Bayer-Gleason,FICTION
Miss Ann Sporer,NOVEL
Dr. Jimmie Rau,REGULAR
Erin Cole,NOVEL
Jenna Gerlach,NOVEL
William Koss,FICTION
Joyce Russel,REGULAR
Randy Macejkovic,REGULAR
Marta Terry,REGULAR
Randy Macejkovic,FICTION
Irvin Towne,REGULAR
Fernando Streich,FICTION
Maurice Renner,FICTION
Mabel D'Amore DDS,REGULAR
Terrell Harvey,REGULAR
Mitchell Strosin,FICTION
Mr. Sherman Batz I,FICTION
Josh Cruickshank,REGULAR
Robin Aufderhar,NOVEL
Orville Stiedemann,FICTION
Maureen White,NOVEL
Roman Frami,FICTION
Erin Cole,NOVEL
Joyce Russel,NOVEL
Rachel Johns,FICTION
Mitchell Strosin,NOVEL
Marta Terry,REGULAR
Dr. Kristi Morissette,REGULAR
Tammy Pagac,REGULAR
Robin Aufderhar,NOVEL
Robin Aufderhar,NOVEL
Terrell Harvey,REGULAR
Bridget Kiehn,NOVEL
Rene Waters,REGULAR
Tami Quitzon,REGULAR
Robin Aufderhar,NOVEL
Robyn Bayer-Gleason,FICTION
Terence Littel,REGULAR
Miss Olive Conn,NOVEL
Terrance Bogisich,REGULAR
Cody Gutkowski,NOVEL
Blanche Waelchi,REGULAR
Randy Macejkovic,NOVEL
Miss Olive Conn,FICTION
Irvin Towne,REGULAR
Josh Cruickshank,NOVEL
Rene Waters,NOVEL
Randy Macejkovic,NOVEL
Blanche Waelchi,REGULAR
Rene Waters,REGULAR
Eduardo White,NOVEL
Dr. Kristi Morissette,NOVEL
Miss Olive Conn,FICTION
Tami Quitzon,NOVEL
Terence Littel,FICTION
Florence Carroll,NOVEL
